id,name
10,Alice
11,Bob
12,Charlie
13,Diana
14,Ethan
15,Fiona
16,George
17,Hannah
18,Ian
19,Jasmine
20,Kyle
21,Luna
22,Max
23,Nina
24,Owen
25,Paige
26,Quentin
27,Rachel
28,Sam
29,Tina
30,Uri
31,Valerie
32,Will
33,Xena
34,Yusuf
35,Zara
36,Amber
37,Brandon
38,Camila
39,Devon
40,Eloise
41,Felix
42,Giselle
43,Hector
44,Isla
45,Jacob
46,Kira
47,Liam
48,Maya
49,Noah
50,Olivia
51,Parker
52,Queenie
53,Ryan
54,Sophia
55,Tyler
56,Ursula
57,Victor
58,Whitney
59,Xavier
60,Yara
61,Zane
62,April
63,Brett
64,Clara
65,Derek
66,Emilia
67,Frank
68,Gemma
69,Harry
70,Ivy
71,Julian
72,Keira
73,Leo
74,Molly
75,Nathan
76,Opal
77,Preston
78,Quincy
79,Reese
80,Sienna
81,Travis
82,Una
83,Violet
84,Wyatt
85,Xiomara
86,Yan
87,Zelda
88,Aaron
89,Bianca
90,Carlos
91,Daphne
92,Elijah
93,Freya
94,Gavin
95,Hailey
96,Isaac
97,Jade
98,Kingsley
99,Lauren
100,Miles
101,Nadia
102,Omar
103,Penny
104,Quinn
105,Roman
114,Selena
